PRAGMA foreign_keys=OFF;
BEGIN TRANSACTION;
CREATE TABLE IF NOT EXISTS "django_migrations" ("id" integer NOT NULL PRIMARY KEY AUTOINCREMENT, "app" varchar(255) NOT NULL, "name" varchar(255) NOT NULL, "applied" datetime NOT NULL);
INSERT INTO django_migrations VALUES(1,'contenttypes','0001_initial','2023-09-24 13:45:20.370653');
INSERT INTO django_migrations VALUES(2,'auth','0001_initial','2023-09-24 13:45:20.422152');
INSERT INTO django_migrations VALUES(3,'admin','0001_initial','2023-09-24 13:45:20.451191');
INSERT INTO django_migrations VALUES(4,'admin','0002_logentry_remove_auto_add','2023-09-24 13:45:20.478547');
INSERT INTO django_migrations VALUES(5,'admin','0003_logentry_add_action_flag_choices','2023-09-24 13:45:20.515072');
INSERT INTO django_migrations VALUES(6,'article','0001_initial','2023-09-24 13:45:20.531280');
INSERT INTO django_migrations VALUES(7,'contenttypes','0002_remove_content_type_name','2023-09-24 13:45:20.576331');
INSERT INTO django_migrations VALUES(8,'auth','0002_alter_permission_name_max_length','2023-09-24 13:45:20.602432');
INSERT INTO django_migrations VALUES(9,'auth','0003_alter_user_email_max_length','2023-09-24 13:45:20.626674');
INSERT INTO django_migrations VALUES(10,'auth','0004_alter_user_username_opts','2023-09-24 13:45:20.655267');
INSERT INTO django_migrations VALUES(11,'auth','0005_alter_user_last_login_null','2023-09-24 13:45:20.681816');
INSERT INTO django_migrations VALUES(12,'auth','0006_require_contenttypes_0002','2023-09-24 13:45:20.691456');
INSERT INTO django_migrations VALUES(13,'auth','0007_alter_validators_add_error_messages','2023-09-24 13:45:20.708930');
INSERT INTO django_migrations VALUES(14,'auth','0008_alter_user_username_max_length','2023-09-24 13:45:20.732221');
INSERT INTO django_migrations VALUES(15,'auth','0009_alter_user_last_name_max_length','2023-09-24 13:45:20.759274');
INSERT INTO django_migrations VALUES(16,'auth','0010_alter_group_name_max_length','2023-09-24 13:45:20.782587');
INSERT INTO django_migrations VALUES(17,'auth','0011_update_proxy_permissions','2023-09-24 13:45:20.806566');
INSERT INTO django_migrations VALUES(18,'auth','0012_alter_user_first_name_max_length','2023-09-24 13:45:20.832454');
INSERT INTO django_migrations VALUES(19,'authtoken','0001_initial','2023-09-24 13:45:20.855573');
INSERT INTO django_migrations VALUES(20,'authtoken','0002_auto_20160226_1747','2023-09-24 13:45:20.917442');
INSERT INTO django_migrations VALUES(21,'authtoken','0003_tokenproxy','2023-09-24 13:45:20.929082');
INSERT INTO django_migrations VALUES(22,'user','0001_initial','2023-09-24 13:45:20.945627');
INSERT INTO django_migrations VALUES(23,'rawmaterial','0001_initial','2023-09-24 13:45:20.976620');
INSERT INTO django_migrations VALUES(24,'butchery','0001_initial','2023-09-24 13:45:21.003734');
INSERT INTO django_migrations VALUES(25,'cost','0001_initial','2023-09-24 13:45:21.032529');
INSERT INTO django_migrations VALUES(26,'counseling','0001_initial','2023-09-24 13:45:21.066024');
INSERT INTO django_migrations VALUES(27,'education','0001_initial','2023-09-24 13:45:21.102002');
INSERT INTO django_migrations VALUES(28,'food','0001_initial','2023-09-24 13:45:21.217469');
INSERT INTO django_migrations VALUES(29,'income','0001_initial','2023-09-24 13:45:21.243825');
INSERT INTO django_migrations VALUES(30,'sessions','0001_initial','2023-09-24 13:45:21.263435');
INSERT INTO django_migrations VALUES(31,'shopinglist','0001_initial','2023-09-24 13:45:21.297741');
INSERT INTO django_migrations VALUES(32,'story','0001_initial','2023-09-24 13:45:21.344405');
INSERT INTO django_migrations VALUES(33,'subscription','0001_initial','2023-09-24 13:45:21.398033');
INSERT INTO django_migrations VALUES(34,'ticket','0001_initial','2023-09-24 13:45:21.462130');
CREATE TABLE IF NOT EXISTS "auth_group_permissions" ("id" integer NOT NULL PRIMARY KEY AUTOINCREMENT, "group_id" integer NOT NULL REFERENCES "auth_group" ("id") DEFERRABLE INITIALLY DEFERRED, "permission_id" integer NOT NULL REFERENCES "auth_permission" ("id") DEFERRABLE INITIALLY DEFERRED);
CREATE TABLE IF NOT EXISTS "auth_user_groups" ("id" integer NOT NULL PRIMARY KEY AUTOINCREMENT, "user_id" integer NOT NULL REFERENCES "auth_user" ("id") DEFERRABLE INITIALLY DEFERRED, "group_id" integer NOT NULL REFERENCES "auth_group" ("id") DEFERRABLE INITIALLY DEFERRED);
CREATE TABLE IF NOT EXISTS "auth_user_user_permissions" ("id" integer NOT NULL PRIMARY KEY AUTOINCREMENT, "user_id" integer NOT NULL REFERENCES "auth_user" ("id") DEFERRABLE INITIALLY DEFERRED, "permission_id" integer NOT NULL REFERENCES "auth_permission" ("id") DEFERRABLE INITIALLY DEFERRED);
CREATE TABLE IF NOT EXISTS "django_admin_log" ("id" integer NOT NULL PRIMARY KEY AUTOINCREMENT, "object_id" text NULL, "object_repr" varchar(200) NOT NULL, "action_flag" smallint unsigned NOT NULL CHECK ("action_flag" >= 0), "change_message" text NOT NULL, "content_type_id" integer NULL REFERENCES "django_content_type" ("id") DEFERRABLE INITIALLY DEFERRED, "user_id" integer NOT NULL REFERENCES "auth_user" ("id") DEFERRABLE INITIALLY DEFERRED, "action_time" datetime NOT NULL);
INSERT INTO django_admin_log VALUES(1,'1','تستی',1,'[{"added": {}}]',26,1,'2023-09-24 13:48:08.419950');
CREATE TABLE IF NOT EXISTS "article_article" ("id" integer NOT NULL PRIMARY KEY AUTOINCREMENT, "title" varchar(30) NOT NULL, "text" text NOT NULL, "image" varchar(100) NOT NULL, "created" datetime NOT NULL, "updated" datetime NOT NULL);
CREATE TABLE IF NOT EXISTS "django_content_type" ("id" integer NOT NULL PRIMARY KEY AUTOINCREMENT, "app_label" varchar(100) NOT NULL, "model" varchar(100) NOT NULL);
INSERT INTO django_content_type VALUES(1,'admin','logentry');
INSERT INTO django_content_type VALUES(2,'auth','permission');
INSERT INTO django_content_type VALUES(3,'auth','group');
INSERT INTO django_content_type VALUES(4,'auth','user');
INSERT INTO django_content_type VALUES(5,'contenttypes','contenttype');
INSERT INTO django_content_type VALUES(6,'sessions','session');
INSERT INTO django_content_type VALUES(7,'authtoken','token');
INSERT INTO django_content_type VALUES(8,'authtoken','tokenproxy');
INSERT INTO django_content_type VALUES(9,'article','article');
INSERT INTO django_content_type VALUES(10,'cost','cost');
INSERT INTO django_content_type VALUES(11,'counseling','counseling');
INSERT INTO django_content_type VALUES(12,'education','education');
INSERT INTO django_content_type VALUES(13,'employee','employee');
INSERT INTO django_content_type VALUES(14,'food','category');
INSERT INTO django_content_type VALUES(15,'food','food');
INSERT INTO django_content_type VALUES(16,'food','preparationscategory');
INSERT INTO django_content_type VALUES(17,'food','preparationsfood');
INSERT INTO django_content_type VALUES(18,'food','preparationsmaterial');
INSERT INTO django_content_type VALUES(19,'food','percentages');
INSERT INTO django_content_type VALUES(20,'food','material');
INSERT INTO django_content_type VALUES(21,'income','income');
INSERT INTO django_content_type VALUES(22,'shopinglist','shopinglist');
INSERT INTO django_content_type VALUES(23,'story','story');
INSERT INTO django_content_type VALUES(24,'ticket','ticket');
INSERT INTO django_content_type VALUES(25,'ticket','ticketreply');
INSERT INTO django_content_type VALUES(26,'user','user');
INSERT INTO django_content_type VALUES(27,'rawmaterial','category');
INSERT INTO django_content_type VALUES(28,'rawmaterial','raw_material');
INSERT INTO django_content_type VALUES(29,'subscription','pakage');
INSERT INTO django_content_type VALUES(30,'subscription','buy');
INSERT INTO django_content_type VALUES(31,'butchery','butchery');
CREATE TABLE IF NOT EXISTS "auth_permission" ("id" integer NOT NULL PRIMARY KEY AUTOINCREMENT, "content_type_id" integer NOT NULL REFERENCES "django_content_type" ("id") DEFERRABLE INITIALLY DEFERRED, "codename" varchar(100) NOT NULL, "name" varchar(255) NOT NULL);
INSERT INTO auth_permission VALUES(1,1,'add_logentry','Can add log entry');
INSERT INTO auth_permission VALUES(2,1,'change_logentry','Can change log entry');
INSERT INTO auth_permission VALUES(3,1,'delete_logentry','Can delete log entry');
INSERT INTO auth_permission VALUES(4,1,'view_logentry','Can view log entry');
INSERT INTO auth_permission VALUES(5,2,'add_permission','Can add permission');
INSERT INTO auth_permission VALUES(6,2,'change_permission','Can change permission');
INSERT INTO auth_permission VALUES(7,2,'delete_permission','Can delete permission');
INSERT INTO auth_permission VALUES(8,2,'view_permission','Can view permission');
INSERT INTO auth_permission VALUES(9,3,'add_group','Can add group');
INSERT INTO auth_permission VALUES(10,3,'change_group','Can change group');
INSERT INTO auth_permission VALUES(11,3,'delete_group','Can delete group');
INSERT INTO auth_permission VALUES(12,3,'view_group','Can view group');
INSERT INTO auth_permission VALUES(13,4,'add_user','Can add user');
INSERT INTO auth_permission VALUES(14,4,'change_user','Can change user');
INSERT INTO auth_permission VALUES(15,4,'delete_user','Can delete user');
INSERT INTO auth_permission VALUES(16,4,'view_user','Can view user');
INSERT INTO auth_permission VALUES(17,5,'add_contenttype','Can add content type');
INSERT INTO auth_permission VALUES(18,5,'change_contenttype','Can change content type');
INSERT INTO auth_permission VALUES(19,5,'delete_contenttype','Can delete content type');
INSERT INTO auth_permission VALUES(20,5,'view_contenttype','Can view content type');
INSERT INTO auth_permission VALUES(21,6,'add_session','Can add session');
INSERT INTO auth_permission VALUES(22,6,'change_session','Can change session');
INSERT INTO auth_permission VALUES(23,6,'delete_session','Can delete session');
INSERT INTO auth_permission VALUES(24,6,'view_session','Can view session');
INSERT INTO auth_permission VALUES(25,7,'add_token','Can add Token');
INSERT INTO auth_permission VALUES(26,7,'change_token','Can change Token');
INSERT INTO auth_permission VALUES(27,7,'delete_token','Can delete Token');
INSERT INTO auth_permission VALUES(28,7,'view_token','Can view Token');
INSERT INTO auth_permission VALUES(29,8,'add_tokenproxy','Can add token');
INSERT INTO auth_permission VALUES(30,8,'change_tokenproxy','Can change token');
INSERT INTO auth_permission VALUES(31,8,'delete_tokenproxy','Can delete token');
INSERT INTO auth_permission VALUES(32,8,'view_tokenproxy','Can view token');
INSERT INTO auth_permission VALUES(33,9,'add_article','Can add article');
INSERT INTO auth_permission VALUES(34,9,'change_article','Can change article');
INSERT INTO auth_permission VALUES(35,9,'delete_article','Can delete article');
INSERT INTO auth_permission VALUES(36,9,'view_article','Can view article');
INSERT INTO auth_permission VALUES(37,10,'add_cost','Can add cost');
INSERT INTO auth_permission VALUES(38,10,'change_cost','Can change cost');
INSERT INTO auth_permission VALUES(39,10,'delete_cost','Can delete cost');
INSERT INTO auth_permission VALUES(40,10,'view_cost','Can view cost');
INSERT INTO auth_permission VALUES(41,11,'add_counseling','Can add counseling');
INSERT INTO auth_permission VALUES(42,11,'change_counseling','Can change counseling');
INSERT INTO auth_permission VALUES(43,11,'delete_counseling','Can delete counseling');
INSERT INTO auth_permission VALUES(44,11,'view_counseling','Can view counseling');
INSERT INTO auth_permission VALUES(45,12,'add_education','Can add education');
INSERT INTO auth_permission VALUES(46,12,'change_education','Can change education');
INSERT INTO auth_permission VALUES(47,12,'delete_education','Can delete education');
INSERT INTO auth_permission VALUES(48,12,'view_education','Can view education');
INSERT INTO auth_permission VALUES(49,13,'add_employee','Can add employee');
INSERT INTO auth_permission VALUES(50,13,'change_employee','Can change employee');
INSERT INTO auth_permission VALUES(51,13,'delete_employee','Can delete employee');
INSERT INTO auth_permission VALUES(52,13,'view_employee','Can view employee');
INSERT INTO auth_permission VALUES(53,14,'add_category','Can add category');
INSERT INTO auth_permission VALUES(54,14,'change_category','Can change category');
INSERT INTO auth_permission VALUES(55,14,'delete_category','Can delete category');
INSERT INTO auth_permission VALUES(56,14,'view_category','Can view category');
INSERT INTO auth_permission VALUES(57,15,'add_food','Can add food');
INSERT INTO auth_permission VALUES(58,15,'change_food','Can change food');
INSERT INTO auth_permission VALUES(59,15,'delete_food','Can delete food');
INSERT INTO auth_permission VALUES(60,15,'view_food','Can view food');
INSERT INTO auth_permission VALUES(61,16,'add_preparationscategory','Can add preparations category');
INSERT INTO auth_permission VALUES(62,16,'change_preparationscategory','Can change preparations category');
INSERT INTO auth_permission VALUES(63,16,'delete_preparationscategory','Can delete preparations category');
INSERT INTO auth_permission VALUES(64,16,'view_preparationscategory','Can view preparations category');
INSERT INTO auth_permission VALUES(65,17,'add_preparationsfood','Can add preparations food');
INSERT INTO auth_permission VALUES(66,17,'change_preparationsfood','Can change preparations food');
INSERT INTO auth_permission VALUES(67,17,'delete_preparationsfood','Can delete preparations food');
INSERT INTO auth_permission VALUES(68,17,'view_preparationsfood','Can view preparations food');
INSERT INTO auth_permission VALUES(69,18,'add_preparationsmaterial','Can add preparations material');
INSERT INTO auth_permission VALUES(70,18,'change_preparationsmaterial','Can change preparations material');
INSERT INTO auth_permission VALUES(71,18,'delete_preparationsmaterial','Can delete preparations material');
INSERT INTO auth_permission VALUES(72,18,'view_preparationsmaterial','Can view preparations material');
INSERT INTO auth_permission VALUES(73,19,'add_percentages','Can add percentages');
INSERT INTO auth_permission VALUES(74,19,'change_percentages','Can change percentages');
INSERT INTO auth_permission VALUES(75,19,'delete_percentages','Can delete percentages');
INSERT INTO auth_permission VALUES(76,19,'view_percentages','Can view percentages');
INSERT INTO auth_permission VALUES(77,20,'add_material','Can add material');
INSERT INTO auth_permission VALUES(78,20,'change_material','Can change material');
INSERT INTO auth_permission VALUES(79,20,'delete_material','Can delete material');
INSERT INTO auth_permission VALUES(80,20,'view_material','Can view material');
INSERT INTO auth_permission VALUES(81,21,'add_income','Can add income');
INSERT INTO auth_permission VALUES(82,21,'change_income','Can change income');
INSERT INTO auth_permission VALUES(83,21,'delete_income','Can delete income');
INSERT INTO auth_permission VALUES(84,21,'view_income','Can view income');
INSERT INTO auth_permission VALUES(85,22,'add_shopinglist','Can add shoping list');
INSERT INTO auth_permission VALUES(86,22,'change_shopinglist','Can change shoping list');
INSERT INTO auth_permission VALUES(87,22,'delete_shopinglist','Can delete shoping list');
INSERT INTO auth_permission VALUES(88,22,'view_shopinglist','Can view shoping list');
INSERT INTO auth_permission VALUES(89,23,'add_story','Can add story');
INSERT INTO auth_permission VALUES(90,23,'change_story','Can change story');
INSERT INTO auth_permission VALUES(91,23,'delete_story','Can delete story');
INSERT INTO auth_permission VALUES(92,23,'view_story','Can view story');
INSERT INTO auth_permission VALUES(93,24,'add_ticket','Can add ticket');
INSERT INTO auth_permission VALUES(94,24,'change_ticket','Can change ticket');
INSERT INTO auth_permission VALUES(95,24,'delete_ticket','Can delete ticket');
INSERT INTO auth_permission VALUES(96,24,'view_ticket','Can view ticket');
INSERT INTO auth_permission VALUES(97,25,'add_ticketreply','Can add ticket reply');
INSERT INTO auth_permission VALUES(98,25,'change_ticketreply','Can change ticket reply');
INSERT INTO auth_permission VALUES(99,25,'delete_ticketreply','Can delete ticket reply');
INSERT INTO auth_permission VALUES(100,25,'view_ticketreply','Can view ticket reply');
INSERT INTO auth_permission VALUES(101,26,'add_user','Can add user');
INSERT INTO auth_permission VALUES(102,26,'change_user','Can change user');
INSERT INTO auth_permission VALUES(103,26,'delete_user','Can delete user');
INSERT INTO auth_permission VALUES(104,26,'view_user','Can view user');
INSERT INTO auth_permission VALUES(105,27,'add_category','Can add category');
INSERT INTO auth_permission VALUES(106,27,'change_category','Can change category');
INSERT INTO auth_permission VALUES(107,27,'delete_category','Can delete category');
INSERT INTO auth_permission VALUES(108,27,'view_category','Can view category');
INSERT INTO auth_permission VALUES(109,28,'add_raw_material','Can add raw_material');
INSERT INTO auth_permission VALUES(110,28,'change_raw_material','Can change raw_material');
INSERT INTO auth_permission VALUES(111,28,'delete_raw_material','Can delete raw_material');
INSERT INTO auth_permission VALUES(112,28,'view_raw_material','Can view raw_material');
INSERT INTO auth_permission VALUES(113,29,'add_pakage','Can add pakage');
INSERT INTO auth_permission VALUES(114,29,'change_pakage','Can change pakage');
INSERT INTO auth_permission VALUES(115,29,'delete_pakage','Can delete pakage');
INSERT INTO auth_permission VALUES(116,29,'view_pakage','Can view pakage');
INSERT INTO auth_permission VALUES(117,30,'add_buy','Can add buy');
INSERT INTO auth_permission VALUES(118,30,'change_buy','Can change buy');
INSERT INTO auth_permission VALUES(119,30,'delete_buy','Can delete buy');
INSERT INTO auth_permission VALUES(120,30,'view_buy','Can view buy');
INSERT INTO auth_permission VALUES(121,31,'add_butchery','Can add butchery');
INSERT INTO auth_permission VALUES(122,31,'change_butchery','Can change butchery');
INSERT INTO auth_permission VALUES(123,31,'delete_butchery','Can delete butchery');
INSERT INTO auth_permission VALUES(124,31,'view_butchery','Can view butchery');
CREATE TABLE IF NOT EXISTS "auth_group" ("id" integer NOT NULL PRIMARY KEY AUTOINCREMENT, "name" varchar(150) NOT NULL UNIQUE);
CREATE TABLE IF NOT EXISTS "auth_user" ("id" integer NOT NULL PRIMARY KEY AUTOINCREMENT, "password" varchar(128) NOT NULL, "last_login" datetime NULL, "is_superuser" bool NOT NULL, "username" varchar(150) NOT NULL UNIQUE, "last_name" varchar(150) NOT NULL, "email" varchar(254) NOT NULL, "is_staff" bool NOT NULL, "is_active" bool NOT NULL, "date_joined" datetime NOT NULL, "first_name" varchar(150) NOT NULL);
INSERT INTO auth_user VALUES(1,'pbkdf2_sha256$390000$Q97vGKHiizeH0wx2GDlcQT$sn2wAMpv+KrKhtkDtYKMkCTOBBUPYhwriiz+WdOVvNY=','2023-09-27 11:15:43.717086',1,'fzl','','',1,1,'2023-09-24 13:45:38.518650','');
INSERT INTO auth_user VALUES(2,'pbkdf2_sha256$390000$AusNp5A2Prb9Sad8tm28KK$A+kaha1oSDCHu1cRE6jz20aSchwGZtvSOZsIKAdUc28=','2023-09-27 11:18:48.910523',1,'root','','',1,1,'2023-09-27 11:16:06.456467','');
CREATE TABLE IF NOT EXISTS "authtoken_token" ("key" varchar(40) NOT NULL PRIMARY KEY, "created" datetime NOT NULL, "user_id" integer NOT NULL UNIQUE REFERENCES "auth_user" ("id") DEFERRABLE INITIALLY DEFERRED);
CREATE TABLE IF NOT EXISTS "user_user" ("id" integer NOT NULL PRIMARY KEY AUTOINCREMENT, "name" varchar(25) NOT NULL, "city" varchar(40) NOT NULL, "restaurantName" varchar(40) NOT NULL, "phone_number" varchar(128) NOT NULL UNIQUE, "password" varchar(50) NOT NULL);
INSERT INTO user_user VALUES(1,'تستی','کرمان','-','+989130001122','123456789ab');
CREATE TABLE IF NOT EXISTS "rawmaterial_category" ("id" integer NOT NULL PRIMARY KEY AUTOINCREMENT, "name" varchar(50) NOT NULL, "user_id" bigint NOT NULL REFERENCES "user_user" ("id") DEFERRABLE INITIALLY DEFERRED);
INSERT INTO rawmaterial_category VALUES(1,'کباب',1);
CREATE TABLE IF NOT EXISTS "rawmaterial_raw_material" ("id" integer NOT NULL PRIMARY KEY AUTOINCREMENT, "name" varchar(50) NOT NULL, "value" bigint NOT NULL, "price" bigint NOT NULL, "category_id" bigint NOT NULL REFERENCES "rawmaterial_category" ("id") DEFERRABLE INITIALLY DEFERRED, "user_id" bigint NOT NULL REFERENCES "user_user" ("id") DEFERRABLE INITIALLY DEFERRED);
INSERT INTO rawmaterial_raw_material VALUES(1,'نمک',1000,2,1,1);
CREATE TABLE IF NOT EXISTS "butchery_butchery" ("id" integer NOT NULL PRIMARY KEY AUTOINCREMENT, "useless" real NOT NULL, "used" varchar(50) NOT NULL, "weight" real NOT NULL, "usable" real NOT NULL, "cooking_loss" real NOT NULL, "totalprice" bigint NOT NULL, "created" datetime NOT NULL, "raw_press" real NOT NULL, "cooked_press" real NOT NULL, "material_id" bigint NOT NULL REFERENCES "rawmaterial_raw_material" ("id") DEFERRABLE INITIALLY DEFERRED);
CREATE TABLE IF NOT EXISTS "cost_cost" ("id" integer NOT NULL PRIMARY KEY AUTOINCREMENT, "condition" varchar(5) NOT NULL, "price" integer NOT NULL, "date" datetime NOT NULL, "description" varchar(250) NOT NULL, "user_id" bigint NOT NULL REFERENCES "user_user" ("id") DEFERRABLE INITIALLY DEFERRED);
CREATE TABLE IF NOT EXISTS "counseling_counseling" ("date" date NOT NULL, "id" integer NOT NULL PRIMARY KEY AUTOINCREMENT, "condition" varchar(3) NOT NULL, "topic" varchar(20) NOT NULL, "job" varchar(10) NOT NULL, "city" varchar(10) NULL, "user_id" bigint NOT NULL REFERENCES "user_user" ("id") DEFERRABLE INITIALLY DEFERRED);
CREATE TABLE IF NOT EXISTS "education_education" ("id" integer NOT NULL PRIMARY KEY AUTOINCREMENT, "file" varchar(100) NOT NULL, "poster" varchar(100) NOT NULL, "description" text NOT NULL, "created" datetime NOT NULL, "user_id" bigint NOT NULL REFERENCES "user_user" ("id") DEFERRABLE INITIALLY DEFERRED);
CREATE TABLE IF NOT EXISTS "food_category" ("id" integer NOT NULL PRIMARY KEY AUTOINCREMENT, "name" varchar(50) NOT NULL, "user_id" bigint NOT NULL REFERENCES "user_user" ("id") DEFERRABLE INITIALLY DEFERRED);
INSERT INTO food_category VALUES(1,'دسته بندی تستی',1);
CREATE TABLE IF NOT EXISTS "food_food" ("id" integer NOT NULL PRIMARY KEY AUTOINCREMENT, "name" varchar(20) NOT NULL, "image" varchar(100) NULL, "created" datetime NOT NULL, "NumberSold" integer NOT NULL, "resepi" text NULL, "price_offered" integer NULL, "updated" date NULL, "category_id" bigint NOT NULL REFERENCES "food_category" ("id") DEFERRABLE INITIALLY DEFERRED, "user_id" bigint NOT NULL REFERENCES "user_user" ("id") DEFERRABLE INITIALLY DEFERRED);
INSERT INTO food_food VALUES(1,'غذا تستی','test.png','2023-09-24 13:50:27.736868',0,'empty',NULL,NULL,1,1);
CREATE TABLE IF NOT EXISTS "food_preparationscategory" ("id" integer NOT NULL PRIMARY KEY AUTOINCREMENT, "name" varchar(50) NOT NULL, "user_id" bigint NOT NULL REFERENCES "user_user" ("id") DEFERRABLE INITIALLY DEFERRED);
INSERT INTO food_preparationscategory VALUES(1,'دسته بندی تستی 2',1);
CREATE TABLE IF NOT EXISTS "food_preparationsfood" ("id" integer NOT NULL PRIMARY KEY AUTOINCREMENT, "name" varchar(20) NOT NULL, "image" varchar(100) NULL, "created" datetime NOT NULL, "NumberSold" integer NOT NULL, "resepi" text NULL, "price_offered" integer NULL, "updated" date NULL, "category_id" bigint NOT NULL REFERENCES "food_preparationscategory" ("id") DEFERRABLE INITIALLY DEFERRED, "user_id" bigint NOT NULL REFERENCES "user_user" ("id") DEFERRABLE INITIALLY DEFERRED);
INSERT INTO food_preparationsfood VALUES(1,'شصیصش','brad22.png','2023-09-24 13:51:14.931957',0,'empty',NULL,'2023-09-24',1,1);
INSERT INTO food_preparationsfood VALUES(2,'شصیصش','brad22_Kh55wbZ.png','2023-09-24 13:51:42.876877',0,'empty',NULL,'2023-09-24',1,1);
CREATE TABLE IF NOT EXISTS "food_preparationsmaterial" ("id" integer NOT NULL PRIMARY KEY AUTOINCREMENT, "value" real NOT NULL, "food_id" bigint NOT NULL REFERENCES "food_preparationsfood" ("id") DEFERRABLE INITIALLY DEFERRED, "materialRaw_id" bigint NOT NULL REFERENCES "rawmaterial_raw_material" ("id") DEFERRABLE INITIALLY DEFERRED);
INSERT INTO food_preparationsmaterial VALUES(1,12.0,1,1);
INSERT INTO food_preparationsmaterial VALUES(2,12.0,2,1);
CREATE TABLE IF NOT EXISTS "food_percentages" ("id" integer NOT NULL PRIMARY KEY AUTOINCREMENT, "FactorcCoefficient" real NOT NULL, "productionOrService" real NOT NULL, "user_id" bigint NOT NULL REFERENCES "user_user" ("id") DEFERRABLE INITIALLY DEFERRED);
CREATE TABLE IF NOT EXISTS "food_material" ("id" integer NOT NULL PRIMARY KEY AUTOINCREMENT, "value" real NOT NULL, "food_id" bigint NOT NULL REFERENCES "food_food" ("id") DEFERRABLE INITIALLY DEFERRED, "materialRaw_id" bigint NOT NULL REFERENCES "rawmaterial_raw_material" ("id") DEFERRABLE INITIALLY DEFERRED);
INSERT INTO food_material VALUES(1,3.0,1,1);
CREATE TABLE IF NOT EXISTS "income_income" ("id" integer NOT NULL PRIMARY KEY AUTOINCREMENT, "fixedSalary" integer NOT NULL, "overTime" bigint NOT NULL, "reward" integer NOT NULL, "totalAmount" integer NOT NULL, "extra_expenses" integer NOT NULL, "Insurance" integer NOT NULL, "gift" integer NOT NULL, "employee_id" bigint NOT NULL REFERENCES "employee_employee" ("id") DEFERRABLE INITIALLY DEFERRED);
CREATE TABLE IF NOT EXISTS "django_session" ("session_key" varchar(40) NOT NULL PRIMARY KEY, "session_data" text NOT NULL, "expire_date" datetime NOT NULL);
INSERT INTO django_session VALUES('s84kihot025y3zd71d9c7e5w4lpezdsp','.eJxVjEEOwiAQRe_C2pAOZSi4dO8ZyMCAVA0kpV0Z765NutDtf-_9l_C0rcVvPS1-ZnEWIE6_W6D4SHUHfKd6azK2ui5zkLsiD9rltXF6Xg7376BQL986u-imETInTJktW8ugjVJophFNogHJkNN60FkFHQAjMY8M4BRkE1G8P-ldN9g:1qkPSH:WuJ1zcTf625roOCvE5gQE2PecS3RTh7FG6xCAcwirZs','2023-10-08 13:47:25.686597');
INSERT INTO django_session VALUES('24rmim9vyjbmnqszr61uckyhzxjh41tr','.eJxVjEEOwiAQRe_C2pABh8K4dO8ZyACjVA1NSrsy3l2bdKHb_977LxV5XWpcu8xxLOqkrDr8bonzQ9oGyp3bbdJ5ass8Jr0peqddX6Yiz_Pu_h1U7vVbe-YhEAKGYOBoAwHZXMR6kgxkgpPCxeWEVyTCZAe03kFyAYzzbLx6fwC3xzaS:1qlSWd:R293Y2Wid6gLH_HXOtRBjYlucy_TmDjnn5DK0ElHU3o','2023-10-11 11:16:15.549304');
INSERT INTO django_session VALUES('yg4p5t91qcoq9bcg3b770zb97sc8jy78','.eJxVjEEOwiAQRe_C2pABh8K4dO8ZyACjVA1NSrsy3l2bdKHb_977LxV5XWpcu8xxLOqkrDr8bonzQ9oGyp3bbdJ5ass8Jr0peqddX6Yiz_Pu_h1U7vVbe-YhEAKGYOBoAwHZXMR6kgxkgpPCxeWEVyTCZAe03kFyAYzzbLx6fwC3xzaS:1qlSZ6:HnHmn5QYTjF4NoOJvYEUJkT6nySUK97Z3SfRCwUY5xA','2023-10-11 11:18:48.943080');
CREATE TABLE IF NOT EXISTS "shopinglist_shopinglist" ("id" integer NOT NULL PRIMARY KEY AUTOINCREMENT, "foodStuffs" varchar(40) NOT NULL, "quantity" real NOT NULL, "price" integer NULL, "status" varchar(3) NOT NULL, "date" datetime NOT NULL, "factorImage" varchar(100) NULL, "user_id" bigint NOT NULL REFERENCES "user_user" ("id") DEFERRABLE INITIALLY DEFERRED);
CREATE TABLE IF NOT EXISTS "story_story" ("id" integer NOT NULL PRIMARY KEY AUTOINCREMENT, "file" varchar(200) NOT NULL, "poseter" varchar(200) NOT NULL, "name" varchar(20) NOT NULL, "created" datetime NOT NULL, "user_id" bigint NOT NULL REFERENCES "user_user" ("id") DEFERRABLE INITIALLY DEFERRED);
CREATE TABLE IF NOT EXISTS "subscription_pakage" ("id" integer NOT NULL PRIMARY KEY AUTOINCREMENT, "name" varchar(20) NOT NULL, "description" text NOT NULL, "price" bigint NOT NULL, "discount" integer NOT NULL, "created" date NOT NULL, "updated" date NOT NULL);
CREATE TABLE IF NOT EXISTS "subscription_buy" ("id" integer NOT NULL PRIMARY KEY AUTOINCREMENT, "time" integer NOT NULL, "created" date NOT NULL, "pakage_id" bigint NOT NULL REFERENCES "subscription_pakage" ("id") DEFERRABLE INITIALLY DEFERRED, "user_id" bigint NOT NULL REFERENCES "user_user" ("id") DEFERRABLE INITIALLY DEFERRED);
CREATE TABLE IF NOT EXISTS "ticket_ticket" ("id" integer NOT NULL PRIMARY KEY AUTOINCREMENT, "message" text NOT NULL, "status" varchar(50) NOT NULL, "created" datetime NOT NULL, "answerdTime" datetime NOT NULL, "user_id" bigint NOT NULL REFERENCES "user_user" ("id") DEFERRABLE INITIALLY DEFERRED);
CREATE TABLE IF NOT EXISTS "ticket_ticketreply" ("id" integer NOT NULL PRIMARY KEY AUTOINCREMENT, "message" text NOT NULL, "created" datetime NOT NULL, "ticket_id" bigint NOT NULL REFERENCES "ticket_ticket" ("id") DEFERRABLE INITIALLY DEFERRED);
DELETE FROM sqlite_sequence;
INSERT INTO sqlite_sequence VALUES('django_migrations',34);
INSERT INTO sqlite_sequence VALUES('django_admin_log',1);
INSERT INTO sqlite_sequence VALUES('django_content_type',31);
INSERT INTO sqlite_sequence VALUES('auth_permission',124);
INSERT INTO sqlite_sequence VALUES('auth_group',0);
INSERT INTO sqlite_sequence VALUES('auth_user',2);
INSERT INTO sqlite_sequence VALUES('user_user',1);
INSERT INTO sqlite_sequence VALUES('food_category',1);
INSERT INTO sqlite_sequence VALUES('rawmaterial_category',1);
INSERT INTO sqlite_sequence VALUES('rawmaterial_raw_material',1);
INSERT INTO sqlite_sequence VALUES('food_food',1);
INSERT INTO sqlite_sequence VALUES('food_material',1);
INSERT INTO sqlite_sequence VALUES('food_preparationscategory',1);
INSERT INTO sqlite_sequence VALUES('food_preparationsfood',2);
INSERT INTO sqlite_sequence VALUES('food_preparationsmaterial',2);
CREATE UNIQUE INDEX "auth_group_permissions_group_id_permission_id_0cd325b0_uniq" ON "auth_group_permissions" ("group_id", "permission_id");
CREATE INDEX "auth_group_permissions_group_id_b120cbf9" ON "auth_group_permissions" ("group_id");
CREATE INDEX "auth_group_permissions_permission_id_84c5c92e" ON "auth_group_permissions" ("permission_id");
CREATE UNIQUE INDEX "auth_user_groups_user_id_group_id_94350c0c_uniq" ON "auth_user_groups" ("user_id", "group_id");
CREATE INDEX "auth_user_groups_user_id_6a12ed8b" ON "auth_user_groups" ("user_id");
CREATE INDEX "auth_user_groups_group_id_97559544" ON "auth_user_groups" ("group_id");
CREATE UNIQUE INDEX "auth_user_user_permissions_user_id_permission_id_14a6b632_uniq" ON "auth_user_user_permissions" ("user_id", "permission_id");
CREATE INDEX "auth_user_user_permissions_user_id_a95ead1b" ON "auth_user_user_permissions" ("user_id");
CREATE INDEX "auth_user_user_permissions_permission_id_1fbb5f2c" ON "auth_user_user_permissions" ("permission_id");
CREATE INDEX "django_admin_log_content_type_id_c4bce8eb" ON "django_admin_log" ("content_type_id");
CREATE INDEX "django_admin_log_user_id_c564eba6" ON "django_admin_log" ("user_id");
CREATE UNIQUE INDEX "django_content_type_app_label_model_76bd3d3b_uniq" ON "django_content_type" ("app_label", "model");
CREATE UNIQUE INDEX "auth_permission_content_type_id_codename_01ab375a_uniq" ON "auth_permission" ("content_type_id", "codename");
CREATE INDEX "auth_permission_content_type_id_2f476e4b" ON "auth_permission" ("content_type_id");
CREATE INDEX "rawmaterial_category_user_id_cd32a148" ON "rawmaterial_category" ("user_id");
CREATE INDEX "rawmaterial_raw_material_category_id_a19a84f6" ON "rawmaterial_raw_material" ("category_id");
CREATE INDEX "rawmaterial_raw_material_user_id_8f62552e" ON "rawmaterial_raw_material" ("user_id");
CREATE INDEX "butchery_butchery_material_id_8881eeb8" ON "butchery_butchery" ("material_id");
CREATE INDEX "cost_cost_user_id_19a63cbd" ON "cost_cost" ("user_id");
CREATE INDEX "counseling_counseling_user_id_e42db8d5" ON "counseling_counseling" ("user_id");
CREATE INDEX "education_education_user_id_cd4a4c5b" ON "education_education" ("user_id");
CREATE INDEX "food_category_user_id_d23e607b" ON "food_category" ("user_id");
CREATE INDEX "food_food_category_id_c9dc1a8a" ON "food_food" ("category_id");
CREATE INDEX "food_food_user_id_fba7e822" ON "food_food" ("user_id");
CREATE INDEX "food_preparationscategory_user_id_848db866" ON "food_preparationscategory" ("user_id");
CREATE INDEX "food_preparationsfood_category_id_c685a440" ON "food_preparationsfood" ("category_id");
CREATE INDEX "food_preparationsfood_user_id_e3ca1033" ON "food_preparationsfood" ("user_id");
CREATE INDEX "food_preparationsmaterial_food_id_682b31a0" ON "food_preparationsmaterial" ("food_id");
CREATE INDEX "food_preparationsmaterial_materialRaw_id_ecc1427d" ON "food_preparationsmaterial" ("materialRaw_id");
CREATE INDEX "food_percentages_user_id_7d27902d" ON "food_percentages" ("user_id");
CREATE INDEX "food_material_food_id_034bf532" ON "food_material" ("food_id");
CREATE INDEX "food_material_materialRaw_id_46862f92" ON "food_material" ("materialRaw_id");
CREATE INDEX "income_income_employee_id_cd3b105c" ON "income_income" ("employee_id");
CREATE INDEX "django_session_expire_date_a5c62663" ON "django_session" ("expire_date");
CREATE INDEX "shopinglist_shopinglist_user_id_08c4c060" ON "shopinglist_shopinglist" ("user_id");
CREATE INDEX "story_story_user_id_d8983a5c" ON "story_story" ("user_id");
CREATE INDEX "subscription_buy_pakage_id_cb18b41c" ON "subscription_buy" ("pakage_id");
CREATE INDEX "subscription_buy_user_id_de66d03b" ON "subscription_buy" ("user_id");
CREATE INDEX "ticket_ticket_user_id_56669ba1" ON "ticket_ticket" ("user_id");
CREATE INDEX "ticket_ticketreply_ticket_id_9290767a" ON "ticket_ticketreply" ("ticket_id");
COMMIT;
